{
  "clases": [
    "glass",
    "metal",
    "plastic"
  ],
  "tamano_imagen": [
    224,
    224
  ],
  "exactitud": 0.9285714030265808,
  "perdida": 0.22173140943050385,
  "conteo_imagenes": {
    "glass": 501,
    "metal": 410,
    "plastic": 482
  }
}